{"cameraMode":{"drawMode":0,"name":"Shaded","section":"Shading Mode"},"sceneLighting":true,"audioPlay":false,"sceneViewState":{"showFog":true,"showMaterialUpdate":true,"showSkybox":false,"showFlares":true,"showImageEffects":true,"showParticleSystems":true},"in2DMode":false,"pivot":{"x":739.6410522460938,"y":-758.3522338867188,"z":-233.26393127441407},"rotation":{"x":0.06055166944861412,"y":0.914532482624054,"z":-0.3711208403110504,"w":0.14919397234916688},"size":1114.1839599609375,"orthographic":false}