{"cameraMode":{"drawMode":0,"name":"Shaded","section":"Shading Mode"},"sceneLighting":true,"audioPlay":false,"sceneViewState":{"showFog":true,"showMaterialUpdate":true,"showSkybox":false,"showFlares":true,"showImageEffects":true,"showParticleSystems":true},"in2DMode":false,"pivot":{"x":198.8043212890625,"y":137.06556701660157,"z":423.5799560546875},"rotation":{"x":0.36077386140823367,"y":0.5990644693374634,"z":-0.34531521797180178,"w":0.625898003578186},"size":21.759174346923829,"orthographic":false}