{"cameraMode":{"drawMode":0,"name":"Shaded","section":"Shading Mode"},"sceneLighting":true,"audioPlay":false,"sceneViewState":{"showFog":true,"showMaterialUpdate":true,"showSkybox":false,"showFlares":true,"showImageEffects":true,"showParticleSystems":true},"in2DMode":false,"pivot":{"x":372.1654052734375,"y":-278.92108154296877,"z":337.36199951171877},"rotation":{"x":0.18794971704483033,"y":-0.8086246848106384,"z":0.4333905577659607,"w":0.3506793677806854},"size":490.4736328125,"orthographic":false}