{"cameraMode":{"drawMode":0,"name":"Shaded","section":"Shading Mode"},"sceneLighting":false,"audioPlay":false,"sceneViewState":{"showFog":true,"showMaterialUpdate":true,"showSkybox":false,"showFlares":true,"showImageEffects":true,"showParticleSystems":true},"in2DMode":false,"pivot":{"x":372.1654052734375,"y":-278.92108154296877,"z":337.36199951171877},"rotation":{"x":0.059329841285943988,"y":-0.814297080039978,"z":0.08458171784877777,"w":0.5711831450462341},"size":2.8578836917877199,"orthographic":false}