{"cameraMode":{"drawMode":0,"name":"Shaded","section":"Shading Mode"},"sceneLighting":true,"audioPlay":false,"sceneViewState":{"showFog":true,"showMaterialUpdate":true,"showSkybox":false,"showFlares":true,"showImageEffects":true,"showParticleSystems":true},"in2DMode":false,"pivot":{"x":502.0297546386719,"y":223.71617126464845,"z":1200.0},"rotation":{"x":0.3332520127296448,"y":-0.19956807792186738,"z":0.07239719480276108,"w":0.9186449646949768},"size":316.104248046875,"orthographic":false}