{"cameraMode":{"drawMode":0,"name":"Shaded","section":"Shading Mode"},"sceneLighting":true,"audioPlay":false,"sceneViewState":{"showFog":true,"showMaterialUpdate":false,"showSkybox":true,"showFlares":true,"showImageEffects":true,"showParticleSystems":true},"in2DMode":false,"pivot":{"x":563.0513916015625,"y":132.67852783203126,"z":329.2065124511719},"rotation":{"x":0.2906505763530731,"y":-0.6378724575042725,"z":0.28325155377388,"w":0.6545436382293701},"size":483.0352478027344,"orthographic":false}