{"cameraMode":{"drawMode":0,"name":"Shaded","section":"Shading Mode"},"sceneLighting":true,"audioPlay":false,"sceneViewState":{"showFog":true,"showMaterialUpdate":true,"showSkybox":false,"showFlares":true,"showImageEffects":true,"showParticleSystems":true},"in2DMode":false,"pivot":{"x":498.765869140625,"y":32.0172119140625,"z":564.6773071289063},"rotation":{"x":0.16096679866313935,"y":-0.06303990632295609,"z":0.010302141308784485,"w":0.9849085211753845},"size":295.51116943359377,"orthographic":false}